photoPath,height,width
D07/2023/MLBS36/MLBS_069/overstory/D07_0318.NEF,6064,4040
D07/2023/MLBS36/MLBS_069/overstory/D07_0321.NEF,6064,4040
D07/2023/MLBS36/MLBS_069/understory/D07_0263.NEF,6064,4040
D07/2023/MLBS36/MLBS_069/understory/D07_0270.NEF,6064,4040
D07/2023/MLBS36/MLBS_071/overstory/D07_0220.NEF,6064,4040
D07/2023/MLBS36/MLBS_071/overstory/D07_0229.NEF,6064,4040
D07/2023/MLBS36/MLBS_071/understory/D07_0294.NEF,6064,4040
D07/2023/MLBS36/MLBS_071/understory/D07_0297.NEF,6064,4040
D07/2023/MLBS36/MLBS_071/understory/D07_0298.NEF,6064,4040
D07/2023/MLBS36/MLBS_071/understory/D07_0299.NEF,6064,4040
D07/2023/MLBS36/MLBS_071/understory/D07_0300.NEF,6064,4040
D07/2023/MLBS36/MLBS_071/understory/D07_0303.NEF,6064,4040
D07/2023/MLBS36/MLBS_071/understory/D07_0306.NEF,6064,4040
D07/2023/MLBS38/MLBS_069/overstory/D07_0459.NEF,6064,4040
D07/2023/MLBS38/MLBS_069/overstory/D07_0460.NEF,6064,4040
D07/2023/MLBS38/MLBS_069/understory/D07_0507.NEF,6064,4040
D07/2023/MLBS38/MLBS_071/overstory/D07_0474.NEF,6064,4040
D07/2023/MLBS38/MLBS_071/overstory/D07_0477.NEF,6064,4040
D07/2023/MLBS38/MLBS_071/overstory/D07_0479.NEF,6064,4040
D07/2023/MLBS38/MLBS_071/overstory/D07_0481.NEF,6064,4040
D07/2023/MLBS38/MLBS_071/overstory/D07_0482.NEF,6064,4040
D07/2023/MLBS38/MLBS_071/overstory/D07_0484.NEF,6064,4040
D07/2023/MLBS38/MLBS_071/overstory/D07_0485.NEF,6064,4040
D07/2023/MLBS38/MLBS_071/understory/D07_0490.NEF,6064,4040
D07/2023/MLBS38/MLBS_071/understory/D07_0493.NEF,6064,4040
D07/2023/MLBS38/MLBS_074/overstory/D07_0448.NEF,6064,4040
D07/2023/MLBS38/MLBS_074/overstory/D07_0449.NEF,6064,4040
D07/2023/MLBS38/MLBS_074/overstory/D07_0450.NEF,6064,4040
D07/2023/MLBS38/MLBS_074/overstory/D07_0455.NEF,6064,4040
D07/2023/MLBS38/MLBS_074/understory/D07_0517.NEF,6064,4040
D07/2023/MLBS40/MLBS_069/overstory/D07_0648.NEF,6064,4040
D07/2023/MLBS40/MLBS_069/overstory/D07_0649.NEF,6064,4040
D07/2023/MLBS40/MLBS_069/overstory/D07_0651.NEF,6064,4040
D07/2023/MLBS40/MLBS_069/overstory/D07_0659.NEF,6064,4040
D07/2023/MLBS40/MLBS_074/overstory/D07_0641.NEF,6064,4040
D07/2023/MLBS40/MLBS_074/overstory/D07_0644.NEF,6064,4040
D07/2023/MLBS44/MLBS_069/overstory/D07_0934.NEF,6064,4040
D07/2023/MLBS44/MLBS_069/overstory/D07_0938.NEF,6064,4040
D07/2023/MLBS44/MLBS_069/overstory/D07_0944.NEF,6064,4040
D07/2023/MLBS44/MLBS_069/understory/D07_0983.NEF,6064,4040
D07/2023/MLBS44/MLBS_071/overstory/D07_0952.NEF,6064,4040
D07/2023/MLBS44/MLBS_074/overstory/D07_0927.NEF,6064,4040
D07/2023/MLBS44/MLBS_074/overstory/D07_0931.NEF,6064,4040
D07/2023/MLBS44/MLBS_074/understory/D07_0989.NEF,6064,4040
D07/2023/ORNL31/ORNL_045/overstory/D07_0048.NEF,6064,4040
D07/2023/ORNL31/ORNL_045/overstory/D07_0050.NEF,6064,4040
D07/2023/ORNL31/ORNL_045/understory/D07_0064.NEF,6064,4040
D07/2023/ORNL31/ORNL_050/overstory/D07_0006.NEF,6064,4040
D07/2023/ORNL31/ORNL_050/overstory/D07_0007.NEF,6064,4040
D07/2023/ORNL31/ORNL_050/overstory/D07_0011.NEF,6064,4040
D07/2023/ORNL31/ORNL_050/overstory/D07_0017.NEF,6064,4040
D07/2023/ORNL31/ORNL_054/overstory/D07_0021.NEF,6064,4040
D07/2023/ORNL31/ORNL_054/overstory/D07_0027.NEF,6064,4040
D07/2023/ORNL31/ORNL_054/overstory/D07_0028.NEF,6064,4040
D07/2023/ORNL31/ORNL_054/overstory/D07_0029.NEF,6064,4040
D07/2023/ORNL31/ORNL_054/overstory/D07_0030.NEF,6064,4040
D07/2023/ORNL35/ORNL_045/overstory/D07_0131.NEF,6064,4040
D07/2023/ORNL35/ORNL_045/overstory/D07_0132.NEF,6064,4040
D07/2023/ORNL35/ORNL_045/overstory/D07_0133.NEF,6064,4040
D07/2023/ORNL35/ORNL_045/overstory/D07_0134.NEF,6064,4040
D07/2023/ORNL35/ORNL_045/overstory/D07_0135.NEF,6064,4040
D07/2023/ORNL35/ORNL_045/overstory/D07_0137.NEF,6064,4040
D07/2023/ORNL35/ORNL_045/overstory/D07_0138.NEF,6064,4040
D07/2023/ORNL35/ORNL_045/overstory/D07_0139.NEF,6064,4040
D07/2023/ORNL35/ORNL_045/overstory/D07_0140.NEF,6064,4040
D07/2023/ORNL35/ORNL_045/understory/D07_0146.NEF,6064,4040
D07/2023/ORNL35/ORNL_045/understory/D07_0147.NEF,6064,4040
D07/2023/ORNL35/ORNL_045/understory/D07_0148.NEF,6064,4040
D07/2023/ORNL35/ORNL_045/understory/D07_0154.NEF,6064,4040
D07/2023/ORNL35/ORNL_045/understory/D07_0155.NEF,6064,4040
D07/2023/ORNL35/ORNL_045/understory/D07_0156.NEF,6064,4040
D07/2023/ORNL35/ORNL_050/overstory/D07_0100.NEF,6064,4040
D07/2023/ORNL35/ORNL_050/overstory/D07_0106.NEF,6064,4040
D07/2023/ORNL35/ORNL_050/overstory/D07_0109.NEF,6064,4040
D07/2023/ORNL35/ORNL_050/overstory/D07_0200.NEF,6064,4040
D07/2023/ORNL35/ORNL_050/overstory/D07_0201.NEF,6064,4040
D07/2023/ORNL35/ORNL_050/overstory/D07_0202.NEF,6064,4040
D07/2023/ORNL35/ORNL_050/overstory/D07_0203.NEF,6064,4040
D07/2023/ORNL35/ORNL_050/understory/D07_0173.NEF,6064,4040
D07/2023/ORNL35/ORNL_050/understory/D07_0175.NEF,6064,4040
D07/2023/ORNL35/ORNL_050/understory/D07_0176.NEF,6064,4040
D07/2023/ORNL35/ORNL_050/understory/D07_0181.NEF,6064,4040
D07/2023/ORNL35/ORNL_050/understory/D07_0184.NEF,6064,4040
D07/2023/ORNL35/ORNL_050/understory/D07_0190.NEF,6064,4040
D07/2023/ORNL35/ORNL_054/overstory/D07_0114.NEF,6064,4040
D07/2023/ORNL35/ORNL_054/overstory/D07_0118.NEF,6064,4040
D07/2023/ORNL35/ORNL_054/overstory/D07_0121.NEF,6064,4040
D07/2023/ORNL35/ORNL_054/overstory/D07_0122.NEF,6064,4040
D07/2023/ORNL35/ORNL_054/overstory/D07_0127.NEF,6064,4040
D07/2023/ORNL35/ORNL_054/understory/D07_0157.NEF,6064,4040
D07/2023/ORNL35/ORNL_054/understory/D07_0163.NEF,6064,4040
D07/2023/ORNL35/ORNL_054/understory/D07_0164.NEF,6064,4040
D07/2023/ORNL35/ORNL_054/understory/D07_0165.NEF,6064,4040
D07/2023/ORNL35/ORNL_054/understory/D07_0166.NEF,6064,4040
D07/2023/ORNL35/ORNL_054/understory/D07_0167.NEF,6064,4040
D07/2023/ORNL35/ORNL_054/understory/D07_0170.NEF,6064,4040
D07/2023/ORNL37/ORNL_045/overstory/D07_0375.NEF,6064,4040
D07/2023/ORNL37/ORNL_045/overstory/D07_0376.NEF,6064,4040
D07/2023/ORNL37/ORNL_045/overstory/D07_0377.NEF,6064,4040
D07/2023/ORNL37/ORNL_045/overstory/D07_0382.NEF,6064,4040
D07/2023/ORNL37/ORNL_045/overstory/D07_0383.NEF,6064,4040
D07/2023/ORNL37/ORNL_045/overstory/D07_0384.NEF,6064,4040
D07/2023/ORNL37/ORNL_045/understory/D07_0389.NEF,6064,4040
D07/2023/ORNL37/ORNL_045/understory/D07_0390.NEF,6064,4040
D07/2023/ORNL37/ORNL_045/understory/D07_0391.NEF,6064,4040
D07/2023/ORNL37/ORNL_045/understory/D07_0394.NEF,6064,4040
D07/2023/ORNL37/ORNL_045/understory/D07_0395.NEF,6064,4040
D07/2023/ORNL37/ORNL_045/understory/D07_0396.NEF,6064,4040
D07/2023/ORNL37/ORNL_045/understory/D07_0397.NEF,6064,4040
D07/2023/ORNL37/ORNL_050/overstory/D07_0327.NEF,6064,4040
D07/2023/ORNL37/ORNL_050/overstory/D07_0328.NEF,6064,4040
D07/2023/ORNL37/ORNL_050/overstory/D07_0332.NEF,6064,4040
D07/2023/ORNL37/ORNL_050/overstory/D07_0341.NEF,6064,4040
D07/2023/ORNL37/ORNL_050/overstory/D07_0342.NEF,6064,4040
D07/2023/ORNL37/ORNL_050/overstory/D07_0343.NEF,6064,4040
D07/2023/ORNL37/ORNL_050/understory/D07_0412.NEF,6064,4040
D07/2023/ORNL37/ORNL_050/understory/D07_0413.NEF,6064,4040
D07/2023/ORNL37/ORNL_050/understory/D07_0415.NEF,6064,4040
D07/2023/ORNL37/ORNL_050/understory/D07_0418.NEF,6064,4040
D07/2023/ORNL37/ORNL_050/understory/D07_0419.NEF,6064,4040
D07/2023/ORNL37/ORNL_050/understory/D07_0421.NEF,6064,4040
D07/2023/ORNL37/ORNL_050/understory/D07_0422.NEF,6064,4040
D07/2023/ORNL37/ORNL_054/overstory/D07_0350.NEF,6064,4040
D07/2023/ORNL37/ORNL_054/overstory/D07_0360.NEF,6064,4040
D07/2023/ORNL37/ORNL_054/overstory/D07_0362.NEF,6064,4040
D07/2023/ORNL37/ORNL_054/overstory/D07_0364.NEF,6064,4040
D07/2023/ORNL37/ORNL_054/understory/D07_0399.NEF,6064,4040
D07/2023/ORNL37/ORNL_054/understory/D07_0403.NEF,6064,4040
D07/2023/ORNL37/ORNL_054/understory/D07_0405.NEF,6064,4040
D07/2023/ORNL37/ORNL_054/understory/D07_0406.NEF,6064,4040
D07/2023/ORNL37/ORNL_054/understory/D07_0407.NEF,6064,4040
D07/2023/ORNL37/ORNL_054/understory/D07_0410.NEF,6064,4040
D07/2023/ORNL39/ORNL_045/overstory/D07_0569.NEF,6064,4040
D07/2023/ORNL39/ORNL_045/overstory/D07_0570.NEF,6064,4040
D07/2023/ORNL39/ORNL_045/overstory/D07_0571.NEF,6064,4040
D07/2023/ORNL39/ORNL_045/overstory/D07_0575.NEF,6064,4040
D07/2023/ORNL39/ORNL_045/overstory/D07_0576.NEF,6064,4040
D07/2023/ORNL39/ORNL_045/overstory/D07_0577.NEF,6064,4040
D07/2023/ORNL39/ORNL_045/understory/D07_0590.NEF,6064,4040
D07/2023/ORNL39/ORNL_050/overstory/D07_0532.NEF,6064,4040
D07/2023/ORNL39/ORNL_050/overstory/D07_0533.NEF,6064,4040
D07/2023/ORNL39/ORNL_050/overstory/D07_0534.NEF,6064,4040
D07/2023/ORNL39/ORNL_050/overstory/D07_0537.NEF,6064,4040
D07/2023/ORNL39/ORNL_050/overstory/D07_0538.NEF,6064,4040
D07/2023/ORNL39/ORNL_050/overstory/D07_0539.NEF,6064,4040
D07/2023/ORNL39/ORNL_050/understory/D07_0620.NEF,6064,4040
D07/2023/ORNL39/ORNL_050/understory/D07_0623.NEF,6064,4040
D07/2023/ORNL39/ORNL_054/overstory/D07_0557.NEF,6064,4040
D07/2023/ORNL39/ORNL_054/overstory/D07_0558.NEF,6064,4040
D07/2023/ORNL39/ORNL_054/overstory/D07_0559.NEF,6064,4040
D07/2023/ORNL39/ORNL_054/overstory/D07_0560.NEF,6064,4040
D07/2023/ORNL39/ORNL_054/understory/D07_0600.NEF,6064,4040
D07/2023/ORNL39/ORNL_054/understory/D07_0601.NEF,6064,4040
D07/2023/ORNL39/ORNL_054/understory/D07_0602.NEF,6064,4040
D07/2023/ORNL39/ORNL_054/understory/D07_0603.NEF,6064,4040
D07/2023/ORNL41/ORNL_045/overstory/D07_0759.NEF,6064,4040
D07/2023/ORNL41/ORNL_045/overstory/D07_0760.NEF,6064,4040
D07/2023/ORNL41/ORNL_045/overstory/D07_0765.NEF,6064,4040
D07/2023/ORNL41/ORNL_045/overstory/D07_0766.NEF,6064,4040
D07/2023/ORNL41/ORNL_045/overstory/D07_0767.NEF,6064,4040
D07/2023/ORNL41/ORNL_045/understory/D07_0774.NEF,6064,4040
D07/2023/ORNL41/ORNL_045/understory/D07_0776.NEF,6064,4040
D07/2023/ORNL41/ORNL_045/understory/D07_0777.NEF,6064,4040
D07/2023/ORNL41/ORNL_045/understory/D07_0782.NEF,6064,4040
D07/2023/ORNL41/ORNL_045/understory/D07_0785.NEF,6064,4040
D07/2023/ORNL41/ORNL_045/understory/D07_0789.NEF,6064,4040
D07/2023/ORNL41/ORNL_050/overstory/D07_0727.NEF,6064,4040
D07/2023/ORNL41/ORNL_050/overstory/D07_0728.NEF,6064,4040
D07/2023/ORNL41/ORNL_050/overstory/D07_0729.NEF,6064,4040
D07/2023/ORNL41/ORNL_050/overstory/D07_0735.NEF,6064,4040
D07/2023/ORNL41/ORNL_050/overstory/D07_0738.NEF,6064,4040
D07/2023/ORNL41/ORNL_050/overstory/D07_0739.NEF,6064,4040
D07/2023/ORNL41/ORNL_050/understory/D07_0814.NEF,6064,4040
D07/2023/ORNL41/ORNL_050/understory/D07_0815.NEF,6064,4040
D07/2023/ORNL41/ORNL_050/understory/D07_0820.NEF,6064,4040
D07/2023/ORNL41/ORNL_050/understory/D07_0822.NEF,6064,4040
D07/2023/ORNL41/ORNL_050/understory/D07_0824.NEF,6064,4040
D07/2023/ORNL41/ORNL_050/understory/D07_0829.NEF,6064,4040
D07/2023/ORNL41/ORNL_054/overstory/D07_0748.NEF,6064,4040
D07/2023/ORNL41/ORNL_054/overstory/D07_0750.NEF,6064,4040
D07/2023/ORNL41/ORNL_054/overstory/D07_0751.NEF,6064,4040
D07/2023/ORNL41/ORNL_054/overstory/D07_0752.NEF,6064,4040
D07/2023/ORNL41/ORNL_054/understory/D07_0796.NEF,6064,4040
D07/2023/ORNL41/ORNL_054/understory/D07_0797.NEF,6064,4040
D07/2023/ORNL41/ORNL_054/understory/D07_0801.NEF,6064,4040
D07/2023/ORNL41/ORNL_054/understory/D07_0804.NEF,6064,4040
D07/2023/ORNL41/ORNL_054/understory/D07_0805.NEF,6064,4040
D07/2023/ORNL41/ORNL_054/understory/D07_0810.NEF,6064,4040
D07/2023/ORNL43/ORNL_045/overstory/D07_0862.NEF,6064,4040
D07/2023/ORNL43/ORNL_045/overstory/D07_0863.NEF,6064,4040
D07/2023/ORNL43/ORNL_045/overstory/D07_0867.NEF,6064,4040
D07/2023/ORNL43/ORNL_045/overstory/D07_0869.NEF,6064,4040
D07/2023/ORNL43/ORNL_045/understory/D07_0874.NEF,6064,4040
D07/2023/ORNL43/ORNL_045/understory/D07_0876.NEF,6064,4040
D07/2023/ORNL43/ORNL_045/understory/D07_0881.NEF,6064,4040
D07/2023/ORNL43/ORNL_045/understory/D07_0883.NEF,6064,4040
D07/2023/ORNL43/ORNL_050/overstory/D07_0831.NEF,6064,4040
D07/2023/ORNL43/ORNL_050/overstory/D07_0832.NEF,6064,4040
D07/2023/ORNL43/ORNL_050/overstory/D07_0833.NEF,6064,4040
D07/2023/ORNL43/ORNL_050/overstory/D07_0839.NEF,6064,4040
D07/2023/ORNL43/ORNL_050/overstory/D07_0840.NEF,6064,4040
D07/2023/ORNL43/ORNL_050/overstory/D07_0841.NEF,6064,4040
D07/2023/ORNL43/ORNL_050/understory/D07_0900.NEF,6064,4040
D07/2023/ORNL43/ORNL_050/understory/D07_0901.NEF,6064,4040
D07/2023/ORNL43/ORNL_050/understory/D07_0903.NEF,6064,4040
D07/2023/ORNL43/ORNL_050/understory/D07_0906.NEF,6064,4040
D07/2023/ORNL43/ORNL_054/overstory/D07_0843.NEF,6064,4040
D07/2023/ORNL43/ORNL_054/overstory/D07_0848.NEF,6064,4040
D07/2023/ORNL43/ORNL_054/overstory/D07_0849.NEF,6064,4040
D07/2023/ORNL43/ORNL_054/overstory/D07_0850.NEF,6064,4040
D07/2023/ORNL43/ORNL_054/overstory/D07_0851.NEF,6064,4040
D07/2023/ORNL43/ORNL_054/overstory/D07_0852.NEF,6064,4040
D07/2023/ORNL43/ORNL_054/overstory/D07_0853.NEF,6064,4040
D07/2023/ORNL43/ORNL_054/overstory/D07_0854.NEF,6064,4040
D07/2023/ORNL43/ORNL_054/understory/D07_0884.NEF,6064,4040
D07/2023/ORNL43/ORNL_054/understory/D07_0885.NEF,6064,4040
D07/2023/ORNL43/ORNL_054/understory/D07_0887.NEF,6064,4040
D07/2023/ORNL43/ORNL_054/understory/D07_0888.NEF,6064,4040
D07/2023/ORNL43/ORNL_054/understory/D07_0890.NEF,6064,4040
D07/2023/ORNL43/ORNL_054/understory/D07_0891.NEF,6064,4040
D07/2023/ORNL43/ORNL_054/understory/D07_0892.NEF,6064,4040
D07/2023/ORNL43/ORNL_054/understory/D07_0893.NEF,6064,4040
D07/2024/GRSM13/GRSM_064/overstory/D07_1124.NEF,6064,4040
D07/2024/GRSM13/GRSM_064/overstory/D07_1129.NEF,6064,4040
D07/2024/GRSM13/GRSM_064/overstory/D07_1130.NEF,6064,4040
D07/2024/GRSM13/GRSM_064/understory/D07_1062.NEF,6064,4040
D07/2024/GRSM13/GRSM_066/overstory/D07_1093.NEF,6064,4040
D07/2024/GRSM13/GRSM_066/overstory/D07_1095.NEF,6064,4040
D07/2024/GRSM13/GRSM_066/overstory/D07_1100.NEF,6064,4040
D07/2024/GRSM13/GRSM_066/overstory/D07_1107.NEF,6064,4040
D07/2024/GRSM39/GRSM_065/understory/D07_2431.NEF,6064,4040
D07/2024/MLBS16/MLBS_069/overstory/D07_1281.NEF,6064,4040
D07/2024/MLBS16/MLBS_069/overstory/D07_1284.NEF,6064,4040
D07/2024/MLBS16/MLBS_069/overstory/D07_1285.NEF,6064,4040
D07/2024/MLBS16/MLBS_069/understory/D07_1319.NEF,6064,4040
D07/2024/MLBS16/MLBS_069/understory/D07_1321.NEF,6064,4040
D07/2024/MLBS16/MLBS_069/understory/D07_1322.NEF,6064,4040
D07/2024/MLBS16/MLBS_069/understory/D07_1325.NEF,6064,4040
D07/2024/MLBS16/MLBS_069/understory/D07_1328.NEF,6064,4040
D07/2024/MLBS16/MLBS_069/understory/D07_1330.NEF,6064,4040
D07/2024/MLBS16/MLBS_069/understory/D07_1331.NEF,6064,4040
D07/2024/MLBS16/MLBS_071/overstory/D07_1298.NEF,6064,4040
D07/2024/MLBS16/MLBS_071/overstory/D07_1303.NEF,6064,4040
D07/2024/MLBS16/MLBS_071/understory/D07_1307.NEF,6064,4040
D07/2024/MLBS16/MLBS_071/understory/D07_1310.NEF,6064,4040
D07/2024/MLBS16/MLBS_071/understory/D07_1311.NEF,6064,4040
D07/2024/MLBS16/MLBS_071/understory/D07_1312.NEF,6064,4040
D07/2024/MLBS16/MLBS_071/understory/D07_1313.NEF,6064,4040
D07/2024/MLBS16/MLBS_071/understory/D07_1314.NEF,6064,4040
D07/2024/MLBS16/MLBS_071/understory/D07_1318.NEF,6064,4040
D07/2024/MLBS16/MLBS_074/overstory/D07_1275.NEF,6064,4040
D07/2024/MLBS16/MLBS_074/understory/D07_1332.NEF,6064,4040
D07/2024/MLBS16/MLBS_074/understory/D07_1333.NEF,6064,4040
D07/2024/MLBS16/MLBS_074/understory/D07_1337.NEF,6064,4040
D07/2024/MLBS16/MLBS_074/understory/D07_1338.NEF,6064,4040
D07/2024/MLBS16/MLBS_074/understory/D07_1339.NEF,6064,4040
D07/2024/MLBS16/MLBS_074/understory/D07_1341.NEF,6064,4040
D07/2024/MLBS16/MLBS_074/understory/D07_1342.NEF,6064,4040
D07/2024/MLBS16/MLBS_074/understory/D07_1343.NEF,6064,4040
D07/2024/MLBS22/MLBS_069/overstory/D07_1670.NEF,6064,4040
D07/2024/MLBS22/MLBS_069/overstory/D07_1677.NEF,6064,4040
D07/2024/MLBS22/MLBS_069/overstory/D07_1687.NEF,6064,4040
D07/2024/MLBS22/MLBS_071/overstory/D07_1689.NEF,6064,4040
D07/2024/MLBS22/MLBS_071/overstory/D07_1695.NEF,6064,4040
D07/2024/MLBS26/MLBS_069/overstory/D07_1794.NEF,6064,4040
D07/2024/MLBS26/MLBS_069/overstory/D07_1798.NEF,6064,4040
D07/2024/MLBS26/MLBS_069/overstory/D07_1804.NEF,6064,4040
D07/2024/MLBS26/MLBS_071/overstory/D07_1811.NEF,6064,4040
D07/2024/MLBS26/MLBS_071/overstory/D07_1813.NEF,6064,4040
D07/2024/MLBS26/MLBS_071/overstory/D07_1817.NEF,6064,4040
D07/2024/MLBS26/MLBS_071/understory/D07_1831.NEF,6064,4040
D07/2024/MLBS26/MLBS_074/overstory/D07_1783.NEF,6064,4040
D07/2024/MLBS26/MLBS_074/overstory/D07_1784.NEF,6064,4040
D07/2024/MLBS26/MLBS_074/overstory/D07_1785.NEF,6064,4040
D07/2024/MLBS34/MLBS_069/overstory/D07_2089.NEF,6064,4040
D07/2024/MLBS34/MLBS_069/overstory/D07_2091.NEF,6064,4040
D07/2024/MLBS34/MLBS_069/overstory/D07_2093.NEF,6064,4040
D07/2024/MLBS34/MLBS_069/overstory/D07_2094.NEF,6064,4040
D07/2024/MLBS34/MLBS_069/overstory/D07_2095.NEF,6064,4040
D07/2024/MLBS34/MLBS_069/overstory/D07_2096.NEF,6064,4040
D07/2024/MLBS34/MLBS_069/overstory/D07_2097.NEF,6064,4040
D07/2024/MLBS34/MLBS_069/understory/D07_2104.NEF,6064,4040
D07/2024/MLBS34/MLBS_069/understory/D07_2105.NEF,6064,4040
D07/2024/MLBS34/MLBS_069/understory/D07_2135.NEF,6064,4040
D07/2024/MLBS34/MLBS_071/overstory/D07_2055.NEF,6064,4040
D07/2024/MLBS34/MLBS_071/overstory/D07_2061.NEF,6064,4040
D07/2024/MLBS34/MLBS_071/overstory/D07_2062.NEF,6064,4040
D07/2024/MLBS34/MLBS_071/overstory/D07_2063.NEF,6064,4040
D07/2024/MLBS34/MLBS_071/overstory/D07_2064.NEF,6064,4040
D07/2024/MLBS34/MLBS_071/overstory/D07_2066.NEF,6064,4040
D07/2024/MLBS34/MLBS_071/overstory/D07_2067.NEF,6064,4040
D07/2024/MLBS34/MLBS_071/overstory/D07_2068.NEF,6064,4040
D07/2024/MLBS34/MLBS_071/overstory/D07_2070.NEF,6064,4040
D07/2024/MLBS34/MLBS_071/overstory/D07_2071.NEF,6064,4040
D07/2024/MLBS34/MLBS_071/understory/D07_2153.NEF,6064,4040
D07/2024/MLBS34/MLBS_071/understory/D07_2158.NEF,6064,4040
D07/2024/MLBS34/MLBS_071/understory/D07_2163.NEF,6064,4040
D07/2024/MLBS34/MLBS_071/understory/D07_2166.NEF,6064,4040
D07/2024/MLBS34/MLBS_071/understory/D07_2167.NEF,6064,4040
D07/2024/MLBS34/MLBS_071/understory/D07_2168.NEF,6064,4040
D07/2024/MLBS34/MLBS_071/understory/D07_2170.NEF,6064,4040
D07/2024/MLBS34/MLBS_071/understory/D07_2171.NEF,6064,4040
D07/2024/MLBS34/MLBS_071/understory/D07_2172.NEF,6064,4040
D07/2024/MLBS34/MLBS_074/overstory/D07_2075.NEF,6064,4040
D07/2024/MLBS34/MLBS_074/overstory/D07_2082.NEF,6064,4040
D07/2024/MLBS34/MLBS_074/overstory/D07_2085.NEF,6064,4040
D07/2024/MLBS34/MLBS_074/understory/D07_2140.NEF,6064,4040
D07/2024/MLBS34/MLBS_074/understory/D07_2142.NEF,6064,4040
D07/2024/MLBS34/MLBS_074/understory/D07_2143.NEF,6064,4040
D07/2024/MLBS34/MLBS_074/understory/D07_2146.NEF,6064,4040
D07/2024/MLBS34/MLBS_074/understory/D07_2148.NEF,6064,4040
D07/2024/MLBS34/MLBS_074/understory/D07_2149.NEF,6064,4040
D07/2024/MLBS34/MLBS_074/understory/D07_2152.NEF,6064,4040
D07/2024/ORNL15/ORNL_045/overstory/D07_1208.NEF,6064,4040
D07/2024/ORNL15/ORNL_045/overstory/D07_1209.NEF,6064,4040
D07/2024/ORNL15/ORNL_045/overstory/D07_1213.NEF,6064,4040
D07/2024/ORNL15/ORNL_045/overstory/D07_1216.NEF,6064,4040
D07/2024/ORNL15/ORNL_045/overstory/D07_1217.NEF,6064,4040
D07/2024/ORNL15/ORNL_045/understory/D07_1222.NEF,6064,4040
D07/2024/ORNL15/ORNL_045/understory/D07_1224.NEF,6064,4040
D07/2024/ORNL15/ORNL_045/understory/D07_1225.NEF,6064,4040
D07/2024/ORNL15/ORNL_045/understory/D07_1230.NEF,6064,4040
D07/2024/ORNL15/ORNL_045/understory/D07_1232.NEF,6064,4040
D07/2024/ORNL15/ORNL_050/overstory/D07_1169.NEF,6064,4040
D07/2024/ORNL15/ORNL_050/overstory/D07_1171.NEF,6064,4040
D07/2024/ORNL15/ORNL_050/understory/D07_1246.NEF,6064,4040
D07/2024/ORNL15/ORNL_050/understory/D07_1247.NEF,6064,4040
D07/2024/ORNL15/ORNL_050/understory/D07_1252.NEF,6064,4040
D07/2024/ORNL15/ORNL_050/understory/D07_1254.NEF,6064,4040
D07/2024/ORNL15/ORNL_054/overstory/D07_1192.NEF,6064,4040
D07/2024/ORNL15/ORNL_054/overstory/D07_1197.NEF,6064,4040
D07/2024/ORNL15/ORNL_054/overstory/D07_1199.NEF,6064,4040
D07/2024/ORNL15/ORNL_054/understory/D07_1233.NEF,6064,4040
D07/2024/ORNL15/ORNL_054/understory/D07_1237.NEF,6064,4040
D07/2024/ORNL15/ORNL_054/understory/D07_1238.NEF,6064,4040
D07/2024/ORNL15/ORNL_054/understory/D07_1239.NEF,6064,4040
D07/2024/ORNL15/ORNL_054/understory/D07_1241.NEF,6064,4040
D07/2024/ORNL17/ORNL_045/overstory/D07_1378.NEF,6064,4040
D07/2024/ORNL17/ORNL_045/overstory/D07_1384.NEF,6064,4040
D07/2024/ORNL17/ORNL_045/overstory/D07_1387.NEF,6064,4040
D07/2024/ORNL17/ORNL_045/understory/D07_1392.NEF,6064,4040
D07/2024/ORNL17/ORNL_045/understory/D07_1393.NEF,6064,4040
D07/2024/ORNL17/ORNL_045/understory/D07_1394.NEF,6064,4040
D07/2024/ORNL17/ORNL_045/understory/D07_1399.NEF,6064,4040
D07/2024/ORNL17/ORNL_045/understory/D07_1400.NEF,6064,4040
D07/2024/ORNL17/ORNL_045/understory/D07_1401.NEF,6064,4040
D07/2024/ORNL17/ORNL_050/overstory/D07_1352.NEF,6064,4040
D07/2024/ORNL17/ORNL_050/overstory/D07_1353.NEF,6064,4040
D07/2024/ORNL17/ORNL_050/overstory/D07_1356.NEF,6064,4040
D07/2024/ORNL17/ORNL_050/overstory/D07_1359.NEF,6064,4040
D07/2024/ORNL17/ORNL_050/understory/D07_1416.NEF,6064,4040
D07/2024/ORNL17/ORNL_050/understory/D07_1417.NEF,6064,4040
D07/2024/ORNL17/ORNL_050/understory/D07_1419.NEF,6064,4040
D07/2024/ORNL17/ORNL_050/understory/D07_1424.NEF,6064,4040
D07/2024/ORNL17/ORNL_050/understory/D07_1425.NEF,6064,4040
D07/2024/ORNL17/ORNL_050/understory/D07_1429.NEF,6064,4040
D07/2024/ORNL17/ORNL_054/overstory/D07_1363.NEF,6064,4040
D07/2024/ORNL17/ORNL_054/overstory/D07_1373.NEF,6064,4040
D07/2024/ORNL17/ORNL_054/understory/D07_1402.NEF,6064,4040
D07/2024/ORNL17/ORNL_054/understory/D07_1408.NEF,6064,4040
D07/2024/ORNL17/ORNL_054/understory/D07_1409.NEF,6064,4040
D07/2024/ORNL17/ORNL_054/understory/D07_1410.NEF,6064,4040
D07/2024/ORNL17/ORNL_054/understory/D07_1411.NEF,6064,4040
D07/2024/ORNL17/ORNL_054/understory/D07_1412.NEF,6064,4040
D07/2024/ORNL19/ORNL_045/overstory/D07_1474.NEF,6064,4040
D07/2024/ORNL19/ORNL_045/overstory/D07_1475.NEF,6064,4040
D07/2024/ORNL19/ORNL_045/overstory/D07_1476.NEF,6064,4040
D07/2024/ORNL19/ORNL_045/overstory/D07_1487.NEF,6064,4040
D07/2024/ORNL19/ORNL_045/overstory/D07_1488.NEF,6064,4040
D07/2024/ORNL19/ORNL_045/understory/D07_1492.NEF,6064,4040
D07/2024/ORNL19/ORNL_045/understory/D07_1493.NEF,6064,4040
D07/2024/ORNL19/ORNL_045/understory/D07_1499.NEF,6064,4040
D07/2024/ORNL19/ORNL_045/understory/D07_1500.NEF,6064,4040
D07/2024/ORNL19/ORNL_045/understory/D07_1501.NEF,6064,4040
D07/2024/ORNL19/ORNL_050/overstory/D07_1436.NEF,6064,4040
D07/2024/ORNL19/ORNL_050/overstory/D07_1437.NEF,6064,4040
D07/2024/ORNL19/ORNL_050/overstory/D07_1438.NEF,6064,4040
D07/2024/ORNL19/ORNL_050/overstory/D07_1446.NEF,6064,4040
D07/2024/ORNL19/ORNL_050/understory/D07_1515.NEF,6064,4040
D07/2024/ORNL19/ORNL_050/understory/D07_1521.NEF,6064,4040
D07/2024/ORNL19/ORNL_050/understory/D07_1522.NEF,6064,4040
D07/2024/ORNL19/ORNL_050/understory/D07_1527.NEF,6064,4040
D07/2024/ORNL19/ORNL_054/overstory/D07_1453.NEF,6064,4040
D07/2024/ORNL19/ORNL_054/overstory/D07_1458.NEF,6064,4040
D07/2024/ORNL19/ORNL_054/overstory/D07_1459.NEF,6064,4040
D07/2024/ORNL19/ORNL_054/overstory/D07_1460.NEF,6064,4040
D07/2024/ORNL19/ORNL_054/overstory/D07_1461.NEF,6064,4040
D07/2024/ORNL19/ORNL_054/overstory/D07_1462.NEF,6064,4040
D07/2024/ORNL19/ORNL_054/understory/D07_1502.NEF,6064,4040
D07/2024/ORNL19/ORNL_054/understory/D07_1506.NEF,6064,4040
D07/2024/ORNL19/ORNL_054/understory/D07_1507.NEF,6064,4040
D07/2024/ORNL19/ORNL_054/understory/D07_1508.NEF,6064,4040
D07/2024/ORNL19/ORNL_054/understory/D07_1509.NEF,6064,4040
D07/2024/ORNL19/ORNL_054/understory/D07_1510.NEF,6064,4040
D07/2024/ORNL37/ORNL_045/overstory/D07_2312.NEF,6064,4040
D07/2024/ORNL37/ORNL_045/overstory/D07_2320.NEF,6064,4040
D07/2024/ORNL37/ORNL_045/overstory/D07_2321.NEF,6064,4040
D07/2024/ORNL37/ORNL_045/understory/D07_2329.NEF,6064,4040
D07/2024/ORNL37/ORNL_045/understory/D07_2332.NEF,6064,4040
D07/2024/ORNL37/ORNL_045/understory/D07_2338.NEF,6064,4040
D07/2024/ORNL37/ORNL_050/overstory/D07_2273.NEF,6064,4040
D07/2024/ORNL37/ORNL_050/overstory/D07_2278.NEF,6064,4040
D07/2024/ORNL37/ORNL_050/overstory/D07_2280.NEF,6064,4040
D07/2024/ORNL37/ORNL_050/overstory/D07_2282.NEF,6064,4040
D07/2024/ORNL37/ORNL_050/understory/D07_2360.NEF,6064,4040
D07/2024/ORNL37/ORNL_050/understory/D07_2361.NEF,6064,4040
D07/2024/ORNL37/ORNL_050/understory/D07_2362.NEF,6064,4040
D07/2024/ORNL37/ORNL_050/understory/D07_2363.NEF,6064,4040
D07/2024/ORNL37/ORNL_050/understory/D07_2369.NEF,6064,4040
D07/2024/ORNL37/ORNL_050/understory/D07_2371.NEF,6064,4040
D07/2024/ORNL37/ORNL_050/understory/D07_2372.NEF,6064,4040
D07/2024/ORNL37/ORNL_050/understory/D07_2373.NEF,6064,4040
D07/2024/ORNL37/ORNL_054/overstory/D07_2289.NEF,6064,4040
D07/2024/ORNL37/ORNL_054/overstory/D07_2295.NEF,6064,4040
D07/2024/ORNL37/ORNL_054/overstory/D07_2296.NEF,6064,4040
D07/2024/ORNL37/ORNL_054/overstory/D07_2300.NEF,6064,4040
D07/2024/ORNL37/ORNL_054/overstory/D07_2301.NEF,6064,4040
D07/2024/ORNL37/ORNL_054/understory/D07_2342.NEF,6064,4040
D07/2024/ORNL37/ORNL_054/understory/D07_2349.NEF,6064,4040
D07/2024/ORNL37/ORNL_054/understory/D07_2351.NEF,6064,4040
D07/2024/ORNL37/ORNL_054/understory/D07_2355.NEF,6064,4040
D07/2024/ORNL39/ORNL_050/overstory/D07_2478.NEF,6064,4040
D07/2024/ORNL39/ORNL_050/overstory/D07_2479.NEF,6064,4040
D07/2024/ORNL39/ORNL_050/overstory/D07_2480.NEF,6064,4040
D07/2024/ORNL39/ORNL_050/overstory/D07_2491.NEF,6064,4040
